Ethnicity	EducationLevel	GeoRegion	IncomeGroup	Electricity	GobarGas	Kerosene	LPGas	Others	Wood
Brahman	Illiterate	Hilly	0-10000	0	159	5	375	3	7932
Brahman	Illiterate	Hilly	10000-20000	0	213	1	666	1	3245
Brahman	Illiterate	Hilly	20000-30000	1	95	0	336	0	1038
Brahman	Illiterate	Hilly	30000-50000	0	27	0	109	0	355
Brahman	Illiterate	Hilly	50000-ABOVE	0	9	0	69	1	156
Brahman	Illiterate	Himalayan	0-10000	1	24	1	118	4	5608
Brahman	Illiterate	Himalayan	10000-20000	0	20	0	188	0	2077
Brahman	Illiterate	Himalayan	20000-30000	0	6	0	93	0	718
Brahman	Illiterate	Himalayan	30000-50000	0	1	0	38	0	212
Brahman	Illiterate	Himalayan	50000-ABOVE	0	1	0	23	0	94
Brahman	NonFormal-Other	Hilly	0-10000	2	205	3	480	1	5923
Brahman	NonFormal-Other	Hilly	10000-20000	1	235	0	1064	0	3588
Brahman	NonFormal-Other	Hilly	20000-30000	1	105	0	702	1	1243
Brahman	NonFormal-Other	Hilly	30000-50000	0	40	0	206	1	321
Brahman	NonFormal-Other	Hilly	50000-ABOVE	0	13	0	86	0	112
Brahman	NonFormal-Other	Himalayan	0-10000	0	27	0	112	3	4089
Brahman	NonFormal-Other	Himalayan	10000-20000	1	33	0	282	0	3079
Brahman	NonFormal-Other	Himalayan	20000-30000	1	11	0	163	1	888
Brahman	NonFormal-Other	Himalayan	30000-50000	0	3	0	70	0	241
Brahman	NonFormal-Other	Himalayan	50000-ABOVE	0	0	0	35	0	94
Brahman	Primary	Hilly	0-10000	1	170	3	313	3	5012
Brahman	Primary	Hilly	10000-20000	0	265	4	924	0	3284
Brahman	Primary	Hilly	20000-30000	0	92	0	639	2	1002
Brahman	Primary	Hilly	30000-50000	0	35	1	199	0	292
Brahman	Primary	Hilly	50000-ABOVE	0	16	0	86	1	78
Brahman	Primary	Himalayan	0-10000	0	25	0	107	2	2870
Brahman	Primary	Himalayan	10000-20000	0	14	0	261	1	2249
Brahman	Primary	Himalayan	20000-30000	1	14	2	156	0	627
Brahman	Primary	Himalayan	30000-50000	0	4	0	63	1	153
Brahman	Primary	Himalayan	50000-ABOVE	0	0	0	37	0	64
Brahman	Secondary	Hilly	0-10000	0	244	3	808	4	5774
Brahman	Secondary	Hilly	10000-20000	4	473	3	3069	4	6274
Brahman	Secondary	Hilly	20000-30000	0	236	0	2246	4	2021
Brahman	Secondary	Hilly	30000-50000	0	75	0	743	2	555
Brahman	Secondary	Hilly	50000-ABOVE	0	18	0	303	0	166
Brahman	Secondary	Himalayan	0-10000	0	47	2	234	5	3624
Brahman	Secondary	Himalayan	10000-20000	4	52	3	995	10	4957
Brahman	Secondary	Himalayan	20000-30000	1	17	2	626	2	1575
Brahman	Secondary	Himalayan	30000-50000	0	3	0	262	0	428
Brahman	Secondary	Himalayan	50000-ABOVE	1	1	1	124	1	115
Brahman	University	Hilly	0-10000	0	13	0	108	0	398
Brahman	University	Hilly	10000-20000	3	43	0	662	3	974
Brahman	University	Hilly	20000-30000	1	41	2	781	3	583
Brahman	University	Hilly	30000-50000	0	15	0	325	2	193
Brahman	University	Hilly	50000-ABOVE	0	2	0	204	1	68
Brahman	University	Himalayan	0-10000	0	3	0	30	2	235
Brahman	University	Himalayan	10000-20000	2	5	3	208	6	809
Brahman	University	Himalayan	20000-30000	3	4	0	313	2	586
Brahman	University	Himalayan	30000-50000	1	2	0	134	1	158
Brahman	University	Himalayan	50000-ABOVE	0	0	0	61	0	49
Chepang-Thami	Illiterate	Hilly	0-10000	0	7	0	9	9	3842
Chepang-Thami	Illiterate	Hilly	10000-20000	0	0	0	11	0	296
Chepang-Thami	Illiterate	Hilly	20000-30000	0	0	0	0	0	43
Chepang-Thami	Illiterate	Hilly	30000-50000	0	0	0	1	0	10
Chepang-Thami	Illiterate	Hilly	50000-ABOVE	0	0	0	0	0	2
Chepang-Thami	Illiterate	Himalayan	0-10000	0	1	1	3	1	1737
Chepang-Thami	Illiterate	Himalayan	10000-20000	0	0	0	3	0	388
Chepang-Thami	Illiterate	Himalayan	20000-30000	0	0	0	2	0	89
Chepang-Thami	Illiterate	Himalayan	30000-50000	0	0	0	0	0	9
Chepang-Thami	Illiterate	Himalayan	50000-ABOVE	0	0	0	0	0	10
Chepang-Thami	NonFormal-Other	Hilly	0-10000	0	2	1	4	2	1280
Chepang-Thami	NonFormal-Other	Hilly	10000-20000	0	0	0	5	0	150
Chepang-Thami	NonFormal-Other	Hilly	20000-30000	0	1	0	1	0	19
Chepang-Thami	NonFormal-Other	Hilly	30000-50000	0	1	0	0	0	2
Chepang-Thami	NonFormal-Other	Hilly	50000-ABOVE	0	0	0	0	0	0
Chepang-Thami	NonFormal-Other	Himalayan	0-10000	0	1	0	2	0	1101
Chepang-Thami	NonFormal-Other	Himalayan	10000-20000	0	0	0	6	0	496
Chepang-Thami	NonFormal-Other	Himalayan	20000-30000	0	0	0	3	0	142
Chepang-Thami	NonFormal-Other	Himalayan	30000-50000	0	0	0	2	0	13
Chepang-Thami	NonFormal-Other	Himalayan	50000-ABOVE	0	0	0	1	0	6
Chepang-Thami	Primary	Hilly	0-10000	0	3	0	19	3	1624
Chepang-Thami	Primary	Hilly	10000-20000	0	0	0	16	0	242
Chepang-Thami	Primary	Hilly	20000-30000	0	2	0	2	0	31
Chepang-Thami	Primary	Hilly	30000-50000	0	0	0	2	0	7
Chepang-Thami	Primary	Hilly	50000-ABOVE	0	0	0	1	0	1
Chepang-Thami	Primary	Himalayan	0-10000	0	0	0	5	0	929
Chepang-Thami	Primary	Himalayan	10000-20000	0	2	0	16	0	791
Chepang-Thami	Primary	Himalayan	20000-30000	0	0	0	8	1	176
Chepang-Thami	Primary	Himalayan	30000-50000	0	0	0	0	0	8
Chepang-Thami	Primary	Himalayan	50000-ABOVE	0	0	0	0	0	3
Chepang-Thami	Secondary	Hilly	0-10000	0	0	0	13	0	197
Chepang-Thami	Secondary	Hilly	10000-20000	0	2	0	8	0	67
Chepang-Thami	Secondary	Hilly	20000-30000	0	0	0	5	0	11
Chepang-Thami	Secondary	Hilly	30000-50000	0	0	0	0	0	3
Chepang-Thami	Secondary	Hilly	50000-ABOVE	0	0	0	0	0	3
Chepang-Thami	Secondary	Himalayan	0-10000	0	0	0	1	0	216
Chepang-Thami	Secondary	Himalayan	10000-20000	0	1	0	13	0	333
Chepang-Thami	Secondary	Himalayan	20000-30000	0	0	0	11	0	96
Chepang-Thami	Secondary	Himalayan	30000-50000	0	0	0	1	0	2
Chepang-Thami	Secondary	Himalayan	50000-ABOVE	0	0	0	0	0	1
Chepang-Thami	University	Hilly	0-10000	0	0	0	0	0	4
Chepang-Thami	University	Hilly	10000-20000	0	0	0	3	0	2
Chepang-Thami	University	Hilly	20000-30000	0	0	0	0	0	1
Chepang-Thami	University	Hilly	30000-50000	0	0	0	1	0	0
Chepang-Thami	University	Hilly	50000-ABOVE	0	0	0	0	0	0
Chepang-Thami	University	Himalayan	0-10000	0	0	0	0	0	4
Chepang-Thami	University	Himalayan	10000-20000	0	0	0	1	0	18
Chepang-Thami	University	Himalayan	20000-30000	0	0	0	3	0	4
Chepang-Thami	University	Himalayan	30000-50000	0	0	0	0	0	1
Chepang-Thami	University	Himalayan	50000-ABOVE	0	0	0	0	0	0
Chettri	Illiterate	Hilly	0-10000	1	88	4	357	9	12796
Chettri	Illiterate	Hilly	10000-20000	0	84	4	561	2	4039
Chettri	Illiterate	Hilly	20000-30000	0	28	2	229	2	887
Chettri	Illiterate	Hilly	30000-50000	0	5	0	76	0	245
Chettri	Illiterate	Hilly	50000-ABOVE	0	4	0	43	0	88
Chettri	Illiterate	Himalayan	0-10000	2	20	2	183	2	11249
Chettri	Illiterate	Himalayan	10000-20000	1	9	0	223	2	3519
Chettri	Illiterate	Himalayan	20000-30000	0	2	0	109	1	996
Chettri	Illiterate	Himalayan	30000-50000	0	2	0	49	0	310
Chettri	Illiterate	Himalayan	50000-ABOVE	0	0	0	23	0	130
Chettri	NonFormal-Other	Hilly	0-10000	2	79	4	333	2	7661
Chettri	NonFormal-Other	Hilly	10000-20000	2	107	0	860	0	4039
Chettri	NonFormal-Other	Hilly	20000-30000	0	47	0	420	0	944
Chettri	NonFormal-Other	Hilly	30000-50000	0	10	0	103	0	233
Chettri	NonFormal-Other	Hilly	50000-ABOVE	0	2	0	47	0	71
Chettri	NonFormal-Other	Himalayan	0-10000	1	13	2	170	2	7136
Chettri	NonFormal-Other	Himalayan	10000-20000	0	14	0	334	1	4167
Chettri	NonFormal-Other	Himalayan	20000-30000	0	5	1	191	0	1054
Chettri	NonFormal-Other	Himalayan	30000-50000	0	2	0	67	0	261
Chettri	NonFormal-Other	Himalayan	50000-ABOVE	1	1	0	33	0	114
Chettri	Primary	Hilly	0-10000	4	69	0	382	4	7761
Chettri	Primary	Hilly	10000-20000	1	123	3	1141	1	4559
Chettri	Primary	Hilly	20000-30000	1	33	0	562	0	1035
Chettri	Primary	Hilly	30000-50000	0	17	0	150	0	266
Chettri	Primary	Hilly	50000-ABOVE	0	5	0	75	0	84
Chettri	Primary	Himalayan	0-10000	1	20	3	257	3	6585
Chettri	Primary	Himalayan	10000-20000	1	23	1	639	1	5112
Chettri	Primary	Himalayan	20000-30000	2	5	2	296	1	1337
Chettri	Primary	Himalayan	30000-50000	0	4	1	90	0	375
Chettri	Primary	Himalayan	50000-ABOVE	0	2	0	37	0	97
Chettri	Secondary	Hilly	0-10000	2	70	1	602	7	5492
Chettri	Secondary	Hilly	10000-20000	6	189	2	2421	10	5257
Chettri	Secondary	Hilly	20000-30000	1	83	1	1364	6	1411
Chettri	Secondary	Hilly	30000-50000	0	15	0	438	0	372
Chettri	Secondary	Hilly	50000-ABOVE	0	8	0	185	0	131
Chettri	Secondary	Himalayan	0-10000	3	6	4	325	5	4656
Chettri	Secondary	Himalayan	10000-20000	5	13	1	1303	9	6510
Chettri	Secondary	Himalayan	20000-30000	4	6	1	726	1	1989
Chettri	Secondary	Himalayan	30000-50000	0	4	0	265	1	538
Chettri	Secondary	Himalayan	50000-ABOVE	1	1	1	135	1	171
Chettri	University	Hilly	0-10000	0	3	0	36	1	190
Chettri	University	Hilly	10000-20000	1	8	0	262	3	484
Chettri	University	Hilly	20000-30000	0	7	0	272	1	212
Chettri	University	Hilly	30000-50000	1	8	0	146	1	74
Chettri	University	Hilly	50000-ABOVE	0	5	1	50	0	24
Chettri	University	Himalayan	0-10000	0	1	0	32	0	183
Chettri	University	Himalayan	10000-20000	2	0	0	170	1	565
Chettri	University	Himalayan	20000-30000	2	0	0	155	0	358
Chettri	University	Himalayan	30000-50000	0	2	0	94	0	121
Chettri	University	Himalayan	50000-ABOVE	0	0	0	62	0	47
Dalit	Illiterate	Hilly	0-10000	2	150	4	191	10	16560
Dalit	Illiterate	Hilly	10000-20000	0	98	2	279	1	4195
Dalit	Illiterate	Hilly	20000-30000	0	25	1	114	0	992
Dalit	Illiterate	Hilly	30000-50000	0	6	0	34	0	171
Dalit	Illiterate	Hilly	50000-ABOVE	0	2	0	12	0	44
Dalit	Illiterate	Himalayan	0-10000	1	74	2	105	3	8369
Dalit	Illiterate	Himalayan	10000-20000	1	13	3	106	0	2371
Dalit	Illiterate	Himalayan	20000-30000	0	4	1	42	0	554
Dalit	Illiterate	Himalayan	30000-50000	0	0	0	8	0	119
Dalit	Illiterate	Himalayan	50000-ABOVE	0	0	0	3	0	35
Dalit	NonFormal-Other	Hilly	0-10000	0	53	1	167	5	7186
Dalit	NonFormal-Other	Hilly	10000-20000	1	57	0	282	2	2828
Dalit	NonFormal-Other	Hilly	20000-30000	0	11	1	145	0	746
Dalit	NonFormal-Other	Hilly	30000-50000	0	0	0	25	0	125
Dalit	NonFormal-Other	Hilly	50000-ABOVE	0	1	0	12	0	29
Dalit	NonFormal-Other	Himalayan	0-10000	0	18	1	38	1	3447
Dalit	NonFormal-Other	Himalayan	10000-20000	0	12	1	102	0	1723
Dalit	NonFormal-Other	Himalayan	20000-30000	0	0	1	40	0	397
Dalit	NonFormal-Other	Himalayan	30000-50000	0	1	0	15	0	85
Dalit	NonFormal-Other	Himalayan	50000-ABOVE	0	0	0	6	0	21
Dalit	Primary	Hilly	0-10000	0	93	2	224	3	7663
Dalit	Primary	Hilly	10000-20000	0	113	3	557	0	3803
Dalit	Primary	Hilly	20000-30000	0	24	0	228	1	807
Dalit	Primary	Hilly	30000-50000	0	7	0	43	0	152
Dalit	Primary	Hilly	50000-ABOVE	0	0	0	16	0	29
Dalit	Primary	Himalayan	0-10000	1	36	2	106	5	4011
Dalit	Primary	Himalayan	10000-20000	1	17	1	247	1	2602
Dalit	Primary	Himalayan	20000-30000	0	3	1	120	0	539
Dalit	Primary	Himalayan	30000-50000	0	1	0	44	0	102
Dalit	Primary	Himalayan	50000-ABOVE	0	0	0	10	0	17
Dalit	Secondary	Hilly	0-10000	2	26	0	147	1	2067
Dalit	Secondary	Hilly	10000-20000	1	29	1	343	3	1378
Dalit	Secondary	Hilly	20000-30000	0	10	1	179	1	348
Dalit	Secondary	Hilly	30000-50000	0	3	0	47	0	62
Dalit	Secondary	Hilly	50000-ABOVE	0	0	0	7	0	13
Dalit	Secondary	Himalayan	0-10000	0	24	1	43	2	991
Dalit	Secondary	Himalayan	10000-20000	0	5	0	119	1	914
Dalit	Secondary	Himalayan	20000-30000	0	2	0	53	0	245
Dalit	Secondary	Himalayan	30000-50000	0	0	0	26	0	56
Dalit	Secondary	Himalayan	50000-ABOVE	0	0	0	5	1	14
Dalit	University	Hilly	0-10000	0	1	0	11	0	33
Dalit	University	Hilly	10000-20000	0	1	0	24	0	72
Dalit	University	Hilly	20000-30000	0	1	0	20	0	22
Dalit	University	Hilly	30000-50000	0	0	0	9	0	8
Dalit	University	Hilly	50000-ABOVE	0	0	0	5	0	1
Dalit	University	Himalayan	0-10000	0	0	0	1	0	16
Dalit	University	Himalayan	10000-20000	0	1	0	13	0	61
Dalit	University	Himalayan	20000-30000	0	0	0	11	0	17
Dalit	University	Himalayan	30000-50000	0	0	0	3	0	4
Dalit	University	Himalayan	50000-ABOVE	0	0	0	0	1	1
Gurung-Magar	Illiterate	Hilly	0-10000	2	78	4	205	6	12736
Gurung-Magar	Illiterate	Hilly	10000-20000	1	86	3	272	1	3162
Gurung-Magar	Illiterate	Hilly	20000-30000	0	34	0	122	0	695
Gurung-Magar	Illiterate	Hilly	30000-50000	0	6	0	30	0	162
Gurung-Magar	Illiterate	Hilly	50000-ABOVE	0	1	0	19	1	79
Gurung-Magar	Illiterate	Himalayan	0-10000	1	7	0	68	1	8923
Gurung-Magar	Illiterate	Himalayan	10000-20000	1	5	0	84	2	3065
Gurung-Magar	Illiterate	Himalayan	20000-30000	0	2	0	55	0	1025
Gurung-Magar	Illiterate	Himalayan	30000-50000	0	1	0	27	0	347
Gurung-Magar	Illiterate	Himalayan	50000-ABOVE	0	0	0	25	0	106
Gurung-Magar	NonFormal-Other	Hilly	0-10000	2	57	0	198	2	7670
Gurung-Magar	NonFormal-Other	Hilly	10000-20000	0	72	0	412	1	3315
Gurung-Magar	NonFormal-Other	Hilly	20000-30000	0	28	0	227	0	910
Gurung-Magar	NonFormal-Other	Hilly	30000-50000	0	7	0	67	0	199
Gurung-Magar	NonFormal-Other	Hilly	50000-ABOVE	0	1	0	19	0	56
Gurung-Magar	NonFormal-Other	Himalayan	0-10000	2	6	2	52	3	2819
Gurung-Magar	NonFormal-Other	Himalayan	10000-20000	0	7	1	115	1	1806
Gurung-Magar	NonFormal-Other	Himalayan	20000-30000	1	3	0	66	0	672
Gurung-Magar	NonFormal-Other	Himalayan	30000-50000	0	2	0	43	0	205
Gurung-Magar	NonFormal-Other	Himalayan	50000-ABOVE	0	0	0	29	0	68
Gurung-Magar	Primary	Hilly	0-10000	1	71	1	275	6	6962
Gurung-Magar	Primary	Hilly	10000-20000	0	107	2	641	3	3076
Gurung-Magar	Primary	Hilly	20000-30000	0	34	0	319	2	753
Gurung-Magar	Primary	Hilly	30000-50000	0	12	0	76	0	181
Gurung-Magar	Primary	Hilly	50000-ABOVE	0	1	0	28	0	53
Gurung-Magar	Primary	Himalayan	0-10000	0	4	1	66	0	3330
Gurung-Magar	Primary	Himalayan	10000-20000	0	0	0	157	0	2360
Gurung-Magar	Primary	Himalayan	20000-30000	0	4	0	108	0	741
Gurung-Magar	Primary	Himalayan	30000-50000	0	0	0	57	1	245
Gurung-Magar	Primary	Himalayan	50000-ABOVE	0	1	0	35	0	89
Gurung-Magar	Secondary	Hilly	0-10000	1	32	0	331	1	2688
Gurung-Magar	Secondary	Hilly	10000-20000	0	54	1	701	0	1835
Gurung-Magar	Secondary	Hilly	20000-30000	0	25	0	407	0	467
Gurung-Magar	Secondary	Hilly	30000-50000	0	5	0	127	0	133
Gurung-Magar	Secondary	Hilly	50000-ABOVE	0	1	0	65	0	33
Gurung-Magar	Secondary	Himalayan	0-10000	0	5	1	68	1	1332
Gurung-Magar	Secondary	Himalayan	10000-20000	1	4	2	196	2	1448
Gurung-Magar	Secondary	Himalayan	20000-30000	0	3	0	119	1	504
Gurung-Magar	Secondary	Himalayan	30000-50000	0	2	0	46	0	163
Gurung-Magar	Secondary	Himalayan	50000-ABOVE	0	0	0	26	0	59
Gurung-Magar	University	Hilly	0-10000	0	1	0	13	0	49
Gurung-Magar	University	Hilly	10000-20000	0	0	0	43	1	111
Gurung-Magar	University	Hilly	20000-30000	0	0	0	39	0	55
Gurung-Magar	University	Hilly	30000-50000	0	0	0	13	0	12
Gurung-Magar	University	Hilly	50000-ABOVE	0	1	0	8	0	3
Gurung-Magar	University	Himalayan	0-10000	0	0	0	4	0	24
Gurung-Magar	University	Himalayan	10000-20000	0	0	0	12	1	80
Gurung-Magar	University	Himalayan	20000-30000	0	0	0	5	0	38
Gurung-Magar	University	Himalayan	30000-50000	0	0	0	11	0	14
Gurung-Magar	University	Himalayan	50000-ABOVE	0	0	0	4	0	9
Madhesi	Illiterate	Hilly	0-10000	0	0	0	27	2	614
Madhesi	Illiterate	Hilly	10000-20000	0	2	0	70	0	127
Madhesi	Illiterate	Hilly	20000-30000	0	0	0	34	0	40
Madhesi	Illiterate	Hilly	30000-50000	0	0	0	11	0	4
Madhesi	Illiterate	Hilly	50000-ABOVE	0	0	0	4	0	0
Madhesi	Illiterate	Himalayan	0-10000	0	0	0	6	0	240
Madhesi	Illiterate	Himalayan	10000-20000	0	0	0	2	0	69
Madhesi	Illiterate	Himalayan	20000-30000	0	0	0	2	0	21
Madhesi	Illiterate	Himalayan	30000-50000	0	0	0	0	0	12
Madhesi	Illiterate	Himalayan	50000-ABOVE	0	0	0	0	0	3
Madhesi	NonFormal-Other	Hilly	0-10000	0	0	0	19	0	148
Madhesi	NonFormal-Other	Hilly	10000-20000	0	1	1	45	0	72
Madhesi	NonFormal-Other	Hilly	20000-30000	0	0	0	27	0	21
Madhesi	NonFormal-Other	Hilly	30000-50000	0	0	0	8	0	4
Madhesi	NonFormal-Other	Hilly	50000-ABOVE	0	0	0	5	0	4
Madhesi	NonFormal-Other	Himalayan	0-10000	0	0	0	0	0	109
Madhesi	NonFormal-Other	Himalayan	10000-20000	0	0	1	6	0	51
Madhesi	NonFormal-Other	Himalayan	20000-30000	0	0	0	6	0	22
Madhesi	NonFormal-Other	Himalayan	30000-50000	0	0	0	0	0	5
Madhesi	NonFormal-Other	Himalayan	50000-ABOVE	0	0	0	1	0	1
Madhesi	Primary	Hilly	0-10000	0	5	1	41	1	157
Madhesi	Primary	Hilly	10000-20000	0	1	0	124	0	97
Madhesi	Primary	Hilly	20000-30000	0	2	0	53	0	16
Madhesi	Primary	Hilly	30000-50000	0	0	0	13	0	10
Madhesi	Primary	Hilly	50000-ABOVE	0	0	0	6	0	5
Madhesi	Primary	Himalayan	0-10000	0	0	0	8	0	107
Madhesi	Primary	Himalayan	10000-20000	0	0	0	9	0	61
Madhesi	Primary	Himalayan	20000-30000	0	0	0	8	0	32
Madhesi	Primary	Himalayan	30000-50000	0	0	0	0	0	6
Madhesi	Primary	Himalayan	50000-ABOVE	0	0	0	0	0	2
Madhesi	Secondary	Hilly	0-10000	0	0	0	75	0	98
Madhesi	Secondary	Hilly	10000-20000	0	0	0	229	3	117
Madhesi	Secondary	Hilly	20000-30000	0	0	1	143	1	29
Madhesi	Secondary	Hilly	30000-50000	1	1	1	51	0	8
Madhesi	Secondary	Hilly	50000-ABOVE	0	0	0	18	0	5
Madhesi	Secondary	Himalayan	0-10000	0	0	0	5	0	29
Madhesi	Secondary	Himalayan	10000-20000	2	0	0	16	0	41
Madhesi	Secondary	Himalayan	20000-30000	0	0	0	13	0	22
Madhesi	Secondary	Himalayan	30000-50000	0	0	1	1	0	5
Madhesi	Secondary	Himalayan	50000-ABOVE	0	0	0	2	0	1
Madhesi	University	Hilly	0-10000	0	0	0	11	0	9
Madhesi	University	Hilly	10000-20000	1	0	0	48	1	32
Madhesi	University	Hilly	20000-30000	0	0	0	68	4	17
Madhesi	University	Hilly	30000-50000	0	0	0	15	0	6
Madhesi	University	Hilly	50000-ABOVE	0	0	0	15	0	0
Madhesi	University	Himalayan	0-10000	0	0	0	1	0	5
Madhesi	University	Himalayan	10000-20000	1	1	0	5	0	5
Madhesi	University	Himalayan	20000-30000	0	0	0	9	0	10
Madhesi	University	Himalayan	30000-50000	0	0	0	2	0	2
Madhesi	University	Himalayan	50000-ABOVE	0	0	0	1	0	0
Muslim-Others	Illiterate	Hilly	0-10000	0	7	0	50	0	1272
Muslim-Others	Illiterate	Hilly	10000-20000	0	3	0	65	0	253
Muslim-Others	Illiterate	Hilly	20000-30000	0	0	0	22	0	44
Muslim-Others	Illiterate	Hilly	30000-50000	0	1	0	8	0	21
Muslim-Others	Illiterate	Hilly	50000-ABOVE	0	0	0	3	0	10
Muslim-Others	Illiterate	Himalayan	0-10000	0	5	1	28	0	1470
Muslim-Others	Illiterate	Himalayan	10000-20000	0	2	0	22	0	365
Muslim-Others	Illiterate	Himalayan	20000-30000	0	0	0	5	0	104
Muslim-Others	Illiterate	Himalayan	30000-50000	0	0	0	2	0	20
Muslim-Others	Illiterate	Himalayan	50000-ABOVE	0	0	0	4	0	8
Muslim-Others	NonFormal-Other	Hilly	0-10000	0	4	0	32	0	665
Muslim-Others	NonFormal-Other	Hilly	10000-20000	0	5	0	60	0	275
Muslim-Others	NonFormal-Other	Hilly	20000-30000	0	2	0	25	0	62
Muslim-Others	NonFormal-Other	Hilly	30000-50000	0	0	0	15	0	19
Muslim-Others	NonFormal-Other	Hilly	50000-ABOVE	0	0	0	5	0	2
Muslim-Others	NonFormal-Other	Himalayan	0-10000	0	0	0	19	0	684
Muslim-Others	NonFormal-Other	Himalayan	10000-20000	1	3	0	39	0	384
Muslim-Others	NonFormal-Other	Himalayan	20000-30000	0	0	0	13	1	88
Muslim-Others	NonFormal-Other	Himalayan	30000-50000	0	0	0	5	0	27
Muslim-Others	NonFormal-Other	Himalayan	50000-ABOVE	0	0	0	2	0	6
Muslim-Others	Primary	Hilly	0-10000	1	11	0	46	0	823
Muslim-Others	Primary	Hilly	10000-20000	0	1	0	115	0	368
Muslim-Others	Primary	Hilly	20000-30000	0	0	0	52	0	80
Muslim-Others	Primary	Hilly	30000-50000	0	1	0	21	0	19
Muslim-Others	Primary	Hilly	50000-ABOVE	0	0	0	6	0	5
Muslim-Others	Primary	Himalayan	0-10000	0	3	0	18	0	590
Muslim-Others	Primary	Himalayan	10000-20000	1	1	0	44	0	348
Muslim-Others	Primary	Himalayan	20000-30000	0	0	0	14	0	109
Muslim-Others	Primary	Himalayan	30000-50000	0	0	0	14	0	16
Muslim-Others	Primary	Himalayan	50000-ABOVE	0	0	0	2	0	8
Muslim-Others	Secondary	Hilly	0-10000	0	3	0	40	0	411
Muslim-Others	Secondary	Hilly	10000-20000	0	3	0	130	0	284
Muslim-Others	Secondary	Hilly	20000-30000	0	0	0	71	0	75
Muslim-Others	Secondary	Hilly	30000-50000	0	0	0	26	0	23
Muslim-Others	Secondary	Hilly	50000-ABOVE	0	0	0	17	0	5
Muslim-Others	Secondary	Himalayan	0-10000	0	0	0	14	0	266
Muslim-Others	Secondary	Himalayan	10000-20000	0	1	0	57	0	304
Muslim-Others	Secondary	Himalayan	20000-30000	1	0	0	28	0	85
Muslim-Others	Secondary	Himalayan	30000-50000	0	1	0	9	0	22
Muslim-Others	Secondary	Himalayan	50000-ABOVE	0	0	0	5	0	3
Muslim-Others	University	Hilly	0-10000	0	0	0	7	0	10
Muslim-Others	University	Hilly	10000-20000	0	1	0	19	0	30
Muslim-Others	University	Hilly	20000-30000	0	1	0	14	0	16
Muslim-Others	University	Hilly	30000-50000	0	2	0	12	0	11
Muslim-Others	University	Hilly	50000-ABOVE	0	0	0	3	0	2
Muslim-Others	University	Himalayan	0-10000	0	0	0	2	0	7
Muslim-Others	University	Himalayan	10000-20000	0	0	0	4	0	29
Muslim-Others	University	Himalayan	20000-30000	0	1	1	4	0	11
Muslim-Others	University	Himalayan	30000-50000	0	0	0	2	0	3
Muslim-Others	University	Himalayan	50000-ABOVE	0	0	0	0	0	0
Newar	Illiterate	Hilly	0-10000	2	112	2	430	4	6863
Newar	Illiterate	Hilly	10000-20000	0	87	0	660	1	2188
Newar	Illiterate	Hilly	20000-30000	0	54	0	348	0	524
Newar	Illiterate	Hilly	30000-50000	0	16	0	117	1	144
Newar	Illiterate	Hilly	50000-ABOVE	0	5	0	59	0	64
Newar	Illiterate	Himalayan	0-10000	0	16	0	186	2	4669
Newar	Illiterate	Himalayan	10000-20000	2	15	0	229	0	1371
Newar	Illiterate	Himalayan	20000-30000	0	5	1	116	0	555
Newar	Illiterate	Himalayan	30000-50000	1	1	0	43	0	121
Newar	Illiterate	Himalayan	50000-ABOVE	0	0	0	19	0	50
Newar	NonFormal-Other	Hilly	0-10000	0	90	1	360	2	3941
Newar	NonFormal-Other	Hilly	10000-20000	1	180	0	782	0	2284
Newar	NonFormal-Other	Hilly	20000-30000	0	54	1	534	0	593
Newar	NonFormal-Other	Hilly	30000-50000	0	12	1	135	0	150
Newar	NonFormal-Other	Hilly	50000-ABOVE	0	2	0	52	0	57
Newar	NonFormal-Other	Himalayan	0-10000	1	9	0	106	0	2274
Newar	NonFormal-Other	Himalayan	10000-20000	2	4	0	288	0	1621
Newar	NonFormal-Other	Himalayan	20000-30000	1	7	0	172	1	490
Newar	NonFormal-Other	Himalayan	30000-50000	0	1	0	61	0	134
Newar	NonFormal-Other	Himalayan	50000-ABOVE	0	0	0	29	0	45
Newar	Primary	Hilly	0-10000	1	126	1	329	2	4103
Newar	Primary	Hilly	10000-20000	1	205	0	1109	1	2596
Newar	Primary	Hilly	20000-30000	0	73	0	611	0	574
Newar	Primary	Hilly	30000-50000	0	22	0	182	0	146
Newar	Primary	Hilly	50000-ABOVE	1	3	1	61	0	49
Newar	Primary	Himalayan	0-10000	2	12	1	157	3	2211
Newar	Primary	Himalayan	10000-20000	1	11	2	526	2	1983
Newar	Primary	Himalayan	20000-30000	1	9	2	346	0	617
Newar	Primary	Himalayan	30000-50000	1	2	0	132	0	146
Newar	Primary	Himalayan	50000-ABOVE	0	1	0	57	0	52
Newar	Secondary	Hilly	0-10000	2	63	0	441	0	2245
Newar	Secondary	Hilly	10000-20000	2	123	4	1979	0	2173
Newar	Secondary	Hilly	20000-30000	2	51	1	1550	2	612
Newar	Secondary	Hilly	30000-50000	0	16	1	596	0	145
Newar	Secondary	Hilly	50000-ABOVE	0	1	0	261	1	66
Newar	Secondary	Himalayan	0-10000	1	11	0	215	2	1312
Newar	Secondary	Himalayan	10000-20000	1	13	2	1030	6	1855
Newar	Secondary	Himalayan	20000-30000	3	2	1	618	2	656
Newar	Secondary	Himalayan	30000-50000	4	3	1	270	0	189
Newar	Secondary	Himalayan	50000-ABOVE	0	1	0	127	0	63
Newar	University	Hilly	0-10000	1	2	0	30	0	71
Newar	University	Hilly	10000-20000	1	6	1	205	0	165
Newar	University	Hilly	20000-30000	0	6	0	284	0	112
Newar	University	Hilly	30000-50000	0	4	0	137	0	35
Newar	University	Hilly	50000-ABOVE	0	1	0	72	0	14
Newar	University	Himalayan	0-10000	1	1	0	14	0	58
Newar	University	Himalayan	10000-20000	1	2	0	97	0	151
Newar	University	Himalayan	20000-30000	2	1	0	130	0	94
Newar	University	Himalayan	30000-50000	0	0	1	65	0	33
Newar	University	Himalayan	50000-ABOVE	0	0	0	32	0	13
Rai-Limbu	Illiterate	Hilly	0-10000	0	23	2	51	4	3999
Rai-Limbu	Illiterate	Hilly	10000-20000	1	10	0	70	0	878
Rai-Limbu	Illiterate	Hilly	20000-30000	0	2	0	24	0	219
Rai-Limbu	Illiterate	Hilly	30000-50000	0	2	0	9	0	60
Rai-Limbu	Illiterate	Hilly	50000-ABOVE	0	0	0	3	0	31
Rai-Limbu	Illiterate	Himalayan	0-10000	0	10	1	33	2	4371
Rai-Limbu	Illiterate	Himalayan	10000-20000	0	6	0	63	0	1494
Rai-Limbu	Illiterate	Himalayan	20000-30000	0	4	0	29	0	372
Rai-Limbu	Illiterate	Himalayan	30000-50000	0	0	0	6	0	92
Rai-Limbu	Illiterate	Himalayan	50000-ABOVE	0	1	0	8	0	40
Rai-Limbu	NonFormal-Other	Hilly	0-10000	0	34	0	34	3	2507
Rai-Limbu	NonFormal-Other	Hilly	10000-20000	0	31	0	71	0	795
Rai-Limbu	NonFormal-Other	Hilly	20000-30000	0	5	0	38	0	221
Rai-Limbu	NonFormal-Other	Hilly	30000-50000	0	0	0	12	0	61
Rai-Limbu	NonFormal-Other	Hilly	50000-ABOVE	0	0	0	4	0	23
Rai-Limbu	NonFormal-Other	Himalayan	0-10000	0	1	2	46	1	2091
Rai-Limbu	NonFormal-Other	Himalayan	10000-20000	0	3	0	77	1	1073
Rai-Limbu	NonFormal-Other	Himalayan	20000-30000	0	1	0	59	1	335
Rai-Limbu	NonFormal-Other	Himalayan	30000-50000	0	0	0	40	1	82
Rai-Limbu	NonFormal-Other	Himalayan	50000-ABOVE	0	1	0	32	0	42
Rai-Limbu	Primary	Hilly	0-10000	0	36	1	44	2	2330
Rai-Limbu	Primary	Hilly	10000-20000	0	22	2	124	1	740
Rai-Limbu	Primary	Hilly	20000-30000	0	3	0	48	0	201
Rai-Limbu	Primary	Hilly	30000-50000	0	1	0	13	0	59
Rai-Limbu	Primary	Hilly	50000-ABOVE	0	0	0	7	0	22
Rai-Limbu	Primary	Himalayan	0-10000	0	3	0	49	1	1936
Rai-Limbu	Primary	Himalayan	10000-20000	1	9	0	118	2	1272
Rai-Limbu	Primary	Himalayan	20000-30000	0	0	0	73	2	319
Rai-Limbu	Primary	Himalayan	30000-50000	0	1	0	40	1	85
Rai-Limbu	Primary	Himalayan	50000-ABOVE	0	0	0	34	0	38
Rai-Limbu	Secondary	Hilly	0-10000	0	16	0	79	0	1197
Rai-Limbu	Secondary	Hilly	10000-20000	0	12	0	156	0	670
Rai-Limbu	Secondary	Hilly	20000-30000	0	5	0	72	0	166
Rai-Limbu	Secondary	Hilly	30000-50000	0	0	0	21	1	36
Rai-Limbu	Secondary	Hilly	50000-ABOVE	0	0	0	15	0	20
Rai-Limbu	Secondary	Himalayan	0-10000	0	3	0	34	0	958
Rai-Limbu	Secondary	Himalayan	10000-20000	0	9	1	124	2	824
Rai-Limbu	Secondary	Himalayan	20000-30000	0	2	0	84	0	248
Rai-Limbu	Secondary	Himalayan	30000-50000	0	0	0	39	0	51
Rai-Limbu	Secondary	Himalayan	50000-ABOVE	0	0	0	35	1	36
Rai-Limbu	University	Hilly	0-10000	0	1	0	7	0	28
Rai-Limbu	University	Hilly	10000-20000	0	2	0	15	0	50
Rai-Limbu	University	Hilly	20000-30000	0	0	0	11	0	24
Rai-Limbu	University	Hilly	30000-50000	0	1	0	3	1	4
Rai-Limbu	University	Hilly	50000-ABOVE	0	0	0	1	0	3
Rai-Limbu	University	Himalayan	0-10000	0	0	0	3	0	34
Rai-Limbu	University	Himalayan	10000-20000	0	0	0	12	0	74
Rai-Limbu	University	Himalayan	20000-30000	0	0	0	15	0	37
Rai-Limbu	University	Himalayan	30000-50000	0	0	0	7	0	8
Rai-Limbu	University	Himalayan	50000-ABOVE	0	0	0	3	0	6
Tamang	Illiterate	Hilly	0-10000	5	134	4	501	25	34857
Tamang	Illiterate	Hilly	10000-20000	1	95	1	760	1	10102
Tamang	Illiterate	Hilly	20000-30000	0	24	1	260	0	2213
Tamang	Illiterate	Hilly	30000-50000	1	17	0	74	0	686
Tamang	Illiterate	Hilly	50000-ABOVE	0	8	0	27	0	193
Tamang	Illiterate	Himalayan	0-10000	3	17	4	266	22	30511
Tamang	Illiterate	Himalayan	10000-20000	0	4	1	319	3	8946
Tamang	Illiterate	Himalayan	20000-30000	0	2	1	203	1	2700
Tamang	Illiterate	Himalayan	30000-50000	1	1	0	75	0	710
Tamang	Illiterate	Himalayan	50000-ABOVE	0	0	0	44	1	202
Tamang	NonFormal-Other	Hilly	0-10000	2	107	6	291	3	13880
Tamang	NonFormal-Other	Hilly	10000-20000	0	59	2	716	4	6576
Tamang	NonFormal-Other	Hilly	20000-30000	0	29	0	352	1	1598
Tamang	NonFormal-Other	Hilly	30000-50000	0	5	0	85	1	387
Tamang	NonFormal-Other	Hilly	50000-ABOVE	0	6	0	43	0	122
Tamang	NonFormal-Other	Himalayan	0-10000	3	15	2	155	5	10049
Tamang	NonFormal-Other	Himalayan	10000-20000	0	10	1	332	2	5846
Tamang	NonFormal-Other	Himalayan	20000-30000	1	5	1	215	0	1794
Tamang	NonFormal-Other	Himalayan	30000-50000	0	3	0	95	0	407
Tamang	NonFormal-Other	Himalayan	50000-ABOVE	0	1	0	36	0	128
Tamang	Primary	Hilly	0-10000	6	89	3	421	15	16590
Tamang	Primary	Hilly	10000-20000	4	79	1	1196	7	7647
Tamang	Primary	Hilly	20000-30000	0	33	0	474	2	1556
Tamang	Primary	Hilly	30000-50000	0	10	0	122	0	419
Tamang	Primary	Hilly	50000-ABOVE	0	4	0	51	0	110
Tamang	Primary	Himalayan	0-10000	3	6	1	236	13	10044
Tamang	Primary	Himalayan	10000-20000	1	9	2	594	4	6398
Tamang	Primary	Himalayan	20000-30000	1	1	2	343	0	1594
Tamang	Primary	Himalayan	30000-50000	0	1	0	125	0	382
Tamang	Primary	Himalayan	50000-ABOVE	0	1	0	67	0	110
Tamang	Secondary	Hilly	0-10000	0	27	3	377	6	4597
Tamang	Secondary	Hilly	10000-20000	0	51	0	1008	5	3311
Tamang	Secondary	Hilly	20000-30000	1	14	0	449	1	824
Tamang	Secondary	Hilly	30000-50000	0	9	0	164	1	232
Tamang	Secondary	Hilly	50000-ABOVE	0	2	0	66	0	72
Tamang	Secondary	Himalayan	0-10000	1	3	1	221	5	3645
Tamang	Secondary	Himalayan	10000-20000	1	9	1	614	2	3594
Tamang	Secondary	Himalayan	20000-30000	3	3	0	392	1	1172
Tamang	Secondary	Himalayan	30000-50000	0	2	0	176	0	324
Tamang	Secondary	Himalayan	50000-ABOVE	0	0	0	97	2	111
Tamang	University	Hilly	0-10000	0	1	0	17	0	150
Tamang	University	Hilly	10000-20000	0	7	0	65	0	234
Tamang	University	Hilly	20000-30000	0	5	0	57	0	82
Tamang	University	Hilly	30000-50000	0	0	0	36	0	27
Tamang	University	Hilly	50000-ABOVE	0	0	0	8	0	8
Tamang	University	Himalayan	0-10000	0	0	0	13	0	95
Tamang	University	Himalayan	10000-20000	0	0	0	47	0	209
Tamang	University	Himalayan	20000-30000	0	0	0	50	0	94
Tamang	University	Himalayan	30000-50000	0	0	0	29	0	33
Tamang	University	Himalayan	50000-ABOVE	0	0	0	12	0	11
